[
  { "CountryName": "Afghanistan", "CurrencyName": "Afghani", "CurrencyCode": "AFN", "CountryCode": "AF" },
  { "CountryName": "Åland Islands", "CurrencyName": "Euro", "CurrencyCode": "EUR", "CountryCode": "AX" },
  { "CountryName": "Albania", "CurrencyName": "Lek", "CurrencyCode": "ALL", "CountryCode": "AL" },
  { "CountryName": "Algeria", "CurrencyName": "Algerian Dinar", "CurrencyCode": "DZD", "CountryCode": "DZ" },
  { "CountryName": "American Samoa", "CurrencyName": "US Dollar", "CurrencyCode": "USD", "CountryCode": "AS" },
  { "CountryName": "Andorra", "CurrencyName": "Euro", "CurrencyCode": "EUR", "CountryCode": "AD" },
  { "CountryName": "Angola", "CurrencyName": "Kwanza", "CurrencyCode": "AOA", "CountryCode": "AO" },
  { "CountryName": "Anguilla", "CurrencyName": "East Caribbean Dollar", "CurrencyCode": "XCD", "CountryCode": "AI" },
  { "CountryName": "Antarctica", "CurrencyName": "No universal currency", "CurrencyCode": null, "CountryCode": "AQ" },
  { "CountryName": "Antigua and Barbuda", "CurrencyName": "East Caribbean Dollar", "CurrencyCode": "XCD", "CountryCode": "AG" },
  { "CountryName": "Argentina", "CurrencyName": "Argentine Peso", "CurrencyCode": "ARS", "CountryCode": "AR" },
  { "CountryName": "Armenia", "CurrencyName": "Armenian Dram", "CurrencyCode": "AMD", "CountryCode": "AM" },
  { "CountryName": "Aruba", "CurrencyName": "Aruban Florin", "CurrencyCode": "AWG", "CountryCode": "AW" },
  { "CountryName": "Australia", "CurrencyName": "Australian Dollar", "CurrencyCode": "AUD", "CountryCode": "AU" },
  { "CountryName": "Austria", "CurrencyName": "Euro", "CurrencyCode": "EUR", "CountryCode": "AT" },
  { "CountryName": "Azerbaijan", "CurrencyName": "Azerbaijanian Manat", "CurrencyCode": "AZN", "CountryCode": "AZ" },
  { "CountryName": "Bahamas", "CurrencyName": "Bahamian Dollar", "CurrencyCode": "BSD", "CountryCode": "BS" },
  { "CountryName": "Bahrain", "CurrencyName": "Bahraini Dinar", "CurrencyCode": "BHD", "CountryCode": "BH" },
  { "CountryName": "Bangladesh", "CurrencyName": "Taka", "CurrencyCode": "BDT", "CountryCode": "BD" },
  { "CountryName": "Barbados", "CurrencyName": "Barbados Dollar", "CurrencyCode": "BBD", "CountryCode": "BB" },
  { "CountryName": "Belarus", "CurrencyName": "Belarusian Ruble", "CurrencyCode": "BYN", "CountryCode": "BY" },
  { "CountryName": "Belgium", "CurrencyName": "Euro", "CurrencyCode": "EUR", "CountryCode": "BE" },
  { "CountryName": "Belize", "CurrencyName": "Belize Dollar", "CurrencyCode": "BZD", "CountryCode": "BZ" },
  { "CountryName": "Benin", "CurrencyName": "CFA Franc BCEAO", "CurrencyCode": "XOF", "CountryCode": "BJ" },
  { "CountryName": "Bermuda", "CurrencyName": "Bermudian Dollar", "CurrencyCode": "BMD", "CountryCode": "BM" },
  { "CountryName": "Bhutan", "CurrencyName": "Ngultrum", "CurrencyCode": "BTN", "CountryCode": "BT" },
  { "CountryName": "Bolivia", "CurrencyName": "Boliviano", "CurrencyCode": "BOB", "CountryCode": "BO" },
  { "CountryName": "Bonaire, Sint Eustatius and Saba", "CurrencyName": "US Dollar", "CurrencyCode": "USD", "CountryCode": "BQ" },
  { "CountryName": "Bosnia and Herzegovina", "CurrencyName": "Convertible Mark", "CurrencyCode": "BAM", "CountryCode": "BA" },
  { "CountryName": "Botswana", "CurrencyName": "Pula", "CurrencyCode": "BWP", "CountryCode": "BW" },
  { "CountryName": "Bouvet Island", "CurrencyName": "Norwegian Krone", "CurrencyCode": "NOK", "CountryCode": "BV" },
  { "CountryName": "Brazil", "CurrencyName": "Brazilian Real", "CurrencyCode": "BRL", "CountryCode": "BR" },
  { "CountryName": "British Indian Ocean Territory", "CurrencyName": "US Dollar", "CurrencyCode": "USD", "CountryCode": "IO" },
  { "CountryName": "Brunei Darussalam", "CurrencyName": "Brunei Dollar", "CurrencyCode": "BND", "CountryCode": "BN" },
  { "CountryName": "Bulgaria", "CurrencyName": "Euro", "CurrencyCode": "EUR", "CountryCode": "BG" },
  { "CountryName": "Burkina Faso", "CurrencyName": "CFA Franc BCEAO", "CurrencyCode": "XOF", "CountryCode": "BF" },
  { "CountryName": "Burundi", "CurrencyName": "Burundi Franc", "CurrencyCode": "BIF", "CountryCode": "BI" },
  { "CountryName": "Cabo Verde", "CurrencyName": "Cabo Verde Escudo", "CurrencyCode": "CVE", "CountryCode": "CV" },
  { "CountryName": "Cambodia", "CurrencyName": "Riel", "CurrencyCode": "KHR", "CountryCode": "KH" },
  { "CountryName": "Cameroon", "CurrencyName": "CFA Franc BEAC", "CurrencyCode": "XAF", "CountryCode": "CM" },
  { "CountryName": "Canada", "CurrencyName": "Canadian Dollar", "CurrencyCode": "CAD", "CountryCode": "CA" },
  { "CountryName": "Cayman Islands", "CurrencyName": "Cayman Islands Dollar", "CurrencyCode": "KYD", "CountryCode": "KY" },
  { "CountryName": "Central African Republic", "CurrencyName": "CFA Franc BEAC", "CurrencyCode": "XAF", "CountryCode": "CF" },
  { "CountryName": "Chad", "CurrencyName": "CFA Franc BEAC", "CurrencyCode": "XAF", "CountryCode": "TD" },
  { "CountryName": "Chile", "CurrencyName": "Chilean Peso", "CurrencyCode": "CLP", "CountryCode": "CL" },
  { "CountryName": "China", "CurrencyName": "Yuan Renminbi", "CurrencyCode": "CNY", "CountryCode": "CN" },
  { "CountryName": "Christmas Island", "CurrencyName": "Australian Dollar", "CurrencyCode": "AUD", "CountryCode": "CX" },
  { "CountryName": "Cocos (Keeling) Islands", "CurrencyName": "Australian Dollar", "CurrencyCode": "AUD", "CountryCode": "CC" },
  { "CountryName": "Colombia", "CurrencyName": "Colombian Peso", "CurrencyCode": "COP", "CountryCode": "CO" },
  { "CountryName": "Comoros", "CurrencyName": "Comoro Franc", "CurrencyCode": "KMF", "CountryCode": "KM" },
  { "CountryName": "Congo (the Democratic Republic of)", "CurrencyName": "Congolese Franc", "CurrencyCode": "CDF", "CountryCode": "CD" },
  { "CountryName": "Congo (the Republic of)", "CurrencyName": "CFA Franc BEAC", "CurrencyCode": "XAF", "CountryCode": "CG" },
  { "CountryName": "Cook Islands", "CurrencyName": "New Zealand Dollar", "CurrencyCode": "NZD", "CountryCode": "CK" },
  { "CountryName": "Costa Rica", "CurrencyName": "Costa Rican Colon", "CurrencyCode": "CRC", "CountryCode": "CR" },
  { "CountryName": "Côte d'Ivoire", "CurrencyName": "CFA Franc BCEAO", "CurrencyCode": "XOF", "CountryCode": "CI" },
  { "CountryName": "Croatia", "CurrencyName": "Euro", "CurrencyCode": "EUR", "CountryCode": "HR" },
  { "CountryName": "Cuba", "CurrencyName": "Cuban Peso", "CurrencyCode": "CUP", "CountryCode": "CU" },
  { "CountryName": "Curaçao", "CurrencyName": "Caribbean Guilder", "CurrencyCode": "XCG", "CountryCode": "CW" },
  { "CountryName": "Cyprus", "CurrencyName": "Euro", "CurrencyCode": "EUR", "CountryCode": "CY" },
  { "CountryName": "Czechia", "CurrencyName": "Czech Koruna", "CurrencyCode": "CZK", "CountryCode": "CZ" },
  { "CountryName": "Denmark", "CurrencyName": "Danish Krone", "CurrencyCode": "DKK", "CountryCode": "DK" },
  { "CountryName": "Djibouti", "CurrencyName": "Djibouti Franc", "CurrencyCode": "DJF", "CountryCode": "DJ" },
  { "CountryName": "Dominica", "CurrencyName": "East Caribbean Dollar", "CurrencyCode": "XCD", "CountryCode": "DM" },
  { "CountryName": "Dominican Republic", "CurrencyName": "Dominican Peso", "CurrencyCode": "DOP", "CountryCode": "DO" },
  { "CountryName": "Ecuador", "CurrencyName": "US Dollar", "CurrencyCode": "USD", "CountryCode": "EC" },
  { "CountryName": "Egypt", "CurrencyName": "Egyptian Pound", "CurrencyCode": "EGP", "CountryCode": "EG" },
  { "CountryName": "El Salvador", "CurrencyName": "US Dollar", "CurrencyCode": "USD", "CountryCode": "SV" },
  { "CountryName": "Equatorial Guinea", "CurrencyName": "CFA Franc BEAC", "CurrencyCode": "XAF", "CountryCode": "GQ" },
  { "CountryName": "Eritrea", "CurrencyName": "Nakfa", "CurrencyCode": "ERN", "CountryCode": "ER" },
  { "CountryName": "Estonia", "CurrencyName": "Euro", "CurrencyCode": "EUR", "CountryCode": "EE" },
  { "CountryName": "Eswatini", "CurrencyName": "Lilangeni", "CurrencyCode": "SZL", "CountryCode": "SZ" },
  { "CountryName": "Ethiopia", "CurrencyName": "Ethiopian Birr", "CurrencyCode": "ETB", "CountryCode": "ET" },
  { "CountryName": "Falkland Islands", "CurrencyName": "Falkland Islands Pound", "CurrencyCode": "FKP", "CountryCode": "FK" },
  { "CountryName": "Faroe Islands", "CurrencyName": "Danish Krone", "CurrencyCode": "DKK", "CountryCode": "FO" },
  { "CountryName": "Fiji", "CurrencyName": "Fiji Dollar", "CurrencyCode": "FJD", "CountryCode": "FJ" },
  { "CountryName": "Finland", "CurrencyName": "Euro", "CurrencyCode": "EUR", "CountryCode": "FI" },
  { "CountryName": "France", "CurrencyName": "Euro", "CurrencyCode": "EUR", "CountryCode": "FR" },
  { "CountryName": "French Guiana", "CurrencyName": "Euro", "CurrencyCode": "EUR", "CountryCode": "GF" },
  { "CountryName": "French Polynesia", "CurrencyName": "CFP Franc", "CurrencyCode": "XPF", "CountryCode": "PF" },
  { "CountryName": "French Southern Territories", "CurrencyName": "Euro", "CurrencyCode": "EUR", "CountryCode": "TF" },
  { "CountryName": "Gabon", "CurrencyName": "CFA Franc BEAC", "CurrencyCode": "XAF", "CountryCode": "GA" },
  { "CountryName": "Gambia", "CurrencyName": "Dalasi", "CurrencyCode": "GMD", "CountryCode": "GM" },
  { "CountryName": "Georgia", "CurrencyName": "Lari", "CurrencyCode": "GEL", "CountryCode": "GE" },
  { "CountryName": "Germany", "CurrencyName": "Euro", "CurrencyCode": "EUR", "CountryCode": "DE" },
  { "CountryName": "Ghana", "CurrencyName": "Ghana Cedi", "CurrencyCode": "GHS", "CountryCode": "GH" },
  { "CountryName": "Gibraltar", "CurrencyName": "Gibraltar Pound", "CurrencyCode": "GIP", "CountryCode": "GI" },
  { "CountryName": "Greece", "CurrencyName": "Euro", "CurrencyCode": "EUR", "CountryCode": "GR" },
  { "CountryName": "Greenland", "CurrencyName": "Danish Krone", "CurrencyCode": "DKK", "CountryCode": "GL" },
  { "CountryName": "Grenada", "CurrencyName": "East Caribbean Dollar", "CurrencyCode": "XCD", "CountryCode": "GD" },
  { "CountryName": "Guadeloupe", "CurrencyName": "Euro", "CurrencyCode": "EUR", "CountryCode": "GP" },
  { "CountryName": "Guam", "CurrencyName": "US Dollar", "CurrencyCode": "USD", "CountryCode": "GU" },
  { "CountryName": "Guatemala", "CurrencyName": "Quetzal", "CurrencyCode": "GTQ", "CountryCode": "GT" },
  { "CountryName": "Guernsey", "CurrencyName": "Pound Sterling", "CurrencyCode": "GBP", "CountryCode": "GG" },
  { "CountryName": "Guinea", "CurrencyName": "Guinea Franc", "CurrencyCode": "GNF", "CountryCode": "GN" },
  { "CountryName": "Guinea-Bissau", "CurrencyName": "CFA Franc BCEAO", "CurrencyCode": "XOF", "CountryCode": "GW" },
  { "CountryName": "Guyana", "CurrencyName": "Guyana Dollar", "CurrencyCode": "GYD", "CountryCode": "GY" },
  { "CountryName": "Haiti", "CurrencyName": "Gourde", "CurrencyCode": "HTG", "CountryCode": "HT" },
  { "CountryName": "Heard Island and McDonald Islands", "CurrencyName": "Australian Dollar", "CurrencyCode": "AUD", "CountryCode": "HM" },
  { "CountryName": "Holy See (Vatican City State)", "CurrencyName": "Euro", "CurrencyCode": "EUR", "CountryCode": "VA" },
  { "CountryName": "Honduras", "CurrencyName": "Lempira", "CurrencyCode": "HNL", "CountryCode": "HN" },
  { "CountryName": "Hong Kong", "CurrencyName": "Hong Kong Dollar", "CurrencyCode": "HKD", "CountryCode": "HK" },
  { "CountryName": "Hungary", "CurrencyName": "Forint", "CurrencyCode": "HUF", "CountryCode": "HU" },
  { "CountryName": "Iceland", "CurrencyName": "Iceland Krona", "CurrencyCode": "ISK", "CountryCode": "IS" },
  { "CountryName": "India", "CurrencyName": "Indian Rupee", "CurrencyCode": "INR", "CountryCode": "IN" },
  { "CountryName": "Indonesia", "CurrencyName": "Rupiah", "CurrencyCode": "IDR", "CountryCode": "ID" },
  { "CountryName": "Iran", "CurrencyName": "Iranian Rial", "CurrencyCode": "IRR", "CountryCode": "IR" },
  { "CountryName": "Iraq", "CurrencyName": "Iraqi Dinar", "CurrencyCode": "IQD", "CountryCode": "IQ" },
  { "CountryName": "Ireland", "CurrencyName": "Euro", "CurrencyCode": "EUR", "CountryCode": "IE" },
  { "CountryName": "Isle of Man", "CurrencyName": "Pound Sterling", "CurrencyCode": "GBP", "CountryCode": "IM" },
  { "CountryName": "Israel", "CurrencyName": "New Israeli Sheqel", "CurrencyCode": "ILS", "CountryCode": "IL" },
  { "CountryName": "Italy", "CurrencyName": "Euro", "CurrencyCode": "EUR", "CountryCode": "IT" },
  { "CountryName": "Jamaica", "CurrencyName": "Jamaican Dollar", "CurrencyCode": "JMD", "CountryCode": "JM" },
  { "CountryName": "Japan", "CurrencyName": "Yen", "CurrencyCode": "JPY", "CountryCode": "JP" },
  { "CountryName": "Jersey", "CurrencyName": "Pound Sterling", "CurrencyCode": "GBP", "CountryCode": "JE" },
  { "CountryName": "Jordan", "CurrencyName": "Jordanian Dinar", "CurrencyCode": "JOD", "CountryCode": "JO" },
  { "CountryName": "Kazakhstan", "CurrencyName": "Tenge", "CurrencyCode": "KZT", "CountryCode": "KZ" },
  { "CountryName": "Kenya", "CurrencyName": "Kenyan Shilling", "CurrencyCode": "KES", "CountryCode": "KE" },
  { "CountryName": "Kiribati", "CurrencyName": "Australian Dollar", "CurrencyCode": "AUD", "CountryCode": "KI" },
  { "CountryName": "Korea (the Democratic People's Republic of)", "CurrencyName": "North Korean Won", "CurrencyCode": "KPW", "CountryCode": "KP" },
  { "CountryName": "Korea (the Republic of)", "CurrencyName": "Won", "CurrencyCode": "KRW", "CountryCode": "KR" },
  { "CountryName": "Kuwait", "CurrencyName": "Kuwaiti Dinar", "CurrencyCode": "KWD", "CountryCode": "KW" },
  { "CountryName": "Kyrgyzstan", "CurrencyName": "Som", "CurrencyCode": "KGS", "CountryCode": "KG" },
  { "CountryName": "Lao People's Democratic Republic", "CurrencyName": "Lao Kip", "CurrencyCode": "LAK", "CountryCode": "LA" },
  { "CountryName": "Latvia", "CurrencyName": "Euro", "CurrencyCode": "EUR", "CountryCode": "LV" },
  { "CountryName": "Lebanon", "CurrencyName": "Lebanese Pound", "CurrencyCode": "LBP", "CountryCode": "LB" },
  { "CountryName": "Lesotho", "CurrencyName": "Loti", "CurrencyCode": "LSL", "CountryCode": "LS" },
  { "CountryName": "Liberia", "CurrencyName": "Liberian Dollar", "CurrencyCode": "LRD", "CountryCode": "LR" },
  { "CountryName": "Libya", "CurrencyName": "Libyan Dinar", "CurrencyCode": "LYD", "CountryCode": "LY" },
  { "CountryName": "Liechtenstein", "CurrencyName": "Swiss Franc", "CurrencyCode": "CHF", "CountryCode": "LI" },
  { "CountryName": "Lithuania", "CurrencyName": "Euro", "CurrencyCode": "EUR", "CountryCode": "LT" },
  { "CountryName": "Luxembourg", "CurrencyName": "Euro", "CurrencyCode": "EUR", "CountryCode": "LU" },
  { "CountryName": "Macao", "CurrencyName": "Pataca", "CurrencyCode": "MOP", "CountryCode": "MO" },
  { "CountryName": "Madagascar", "CurrencyName": "Malagasy Ariary", "CurrencyCode": "MGA", "CountryCode": "MG" },
  { "CountryName": "Malawi", "CurrencyName": "Kwacha", "CurrencyCode": "MWK", "CountryCode": "MW" },
  { "CountryName": "Malaysia", "CurrencyName": "Malaysian Ringgit", "CurrencyCode": "MYR", "CountryCode": "MY" },
  { "CountryName": "Maldives", "CurrencyName": "Rufiyaa", "CurrencyCode": "MVR", "CountryCode": "MV" },
  { "CountryName": "Mali", "CurrencyName": "CFA Franc BCEAO", "CurrencyCode": "XOF", "CountryCode": "ML" },
  { "CountryName": "Malta", "CurrencyName": "Euro", "CurrencyCode": "EUR", "CountryCode": "MT" },
  { "CountryName": "Marshall Islands", "CurrencyName": "US Dollar", "CurrencyCode": "USD", "CountryCode": "MH" },
  { "CountryName": "Martinique", "CurrencyName": "Euro", "CurrencyCode": "EUR", "CountryCode": "MQ" },
  { "CountryName": "Mauritania", "CurrencyName": "Ouguiya", "CurrencyCode": "MRU", "CountryCode": "MR" },
  { "CountryName": "Mauritius", "CurrencyName": "Mauritius Rupee", "CurrencyCode": "MUR", "CountryCode": "MU" },
  { "CountryName": "Mayotte", "CurrencyName": "Euro", "CurrencyCode": "EUR", "CountryCode": "YT" },
  { "CountryName": "Mexico", "CurrencyName": "Mexican Peso", "CurrencyCode": "MXN", "CountryCode": "MX" },
  { "CountryName": "Micronesia", "CurrencyName": "US Dollar", "CurrencyCode": "USD", "CountryCode": "FM" },
  { "CountryName": "Moldova", "CurrencyName": "Moldovan Leu", "CurrencyCode": "MDL", "CountryCode": "MD" },
  { "CountryName": "Monaco", "CurrencyName": "Euro", "CurrencyCode": "EUR", "CountryCode": "MC" },
  { "CountryName": "Mongolia", "CurrencyName": "Tugrik", "CurrencyCode": "MNT", "CountryCode": "MN" },
  { "CountryName": "Montenegro", "CurrencyName": "Euro", "CurrencyCode": "EUR", "CountryCode": "ME" },
  { "CountryName": "Montserrat", "CurrencyName": "East Caribbean Dollar", "CurrencyCode": "XCD", "CountryCode": "MS" },
  { "CountryName": "Morocco", "CurrencyName": "Moroccan Dirham", "CurrencyCode": "MAD", "CountryCode": "MA" },
  { "CountryName": "Mozambique", "CurrencyName": "Mozambique Metical", "CurrencyCode": "MZN", "CountryCode": "MZ" },
  { "CountryName": "Myanmar", "CurrencyName": "Kyat", "CurrencyCode": "MMK", "CountryCode": "MM" },
  { "CountryName": "Namibia", "CurrencyName": "Namibia Dollar", "CurrencyCode": "NAD", "CountryCode": "NA" },
  { "CountryName": "Nauru", "CurrencyName": "Australian Dollar", "CurrencyCode": "AUD", "CountryCode": "NR" },
  { "CountryName": "Nepal", "CurrencyName": "Nepalese Rupee", "CurrencyCode": "NPR", "CountryCode": "NP" },
  { "CountryName": "Netherlands", "CurrencyName": "Euro", "CurrencyCode": "EUR", "CountryCode": "NL" },
  { "CountryName": "New Caledonia", "CurrencyName": "CFP Franc", "CurrencyCode": "XPF", "CountryCode": "NC" },
  { "CountryName": "New Zealand", "CurrencyName": "New Zealand Dollar", "CurrencyCode": "NZD", "CountryCode": "NZ" },
  { "CountryName": "Nicaragua", "CurrencyName": "Cordoba Oro", "CurrencyCode": "NIO", "CountryCode": "NI" },
  { "CountryName": "Niger", "CurrencyName": "CFA Franc BCEAO", "CurrencyCode": "XOF", "CountryCode": "NE" },
  { "CountryName": "Nigeria", "CurrencyName": "Naira", "CurrencyCode": "NGN", "CountryCode": "NG" },
  { "CountryName": "Niue", "CurrencyName": "New Zealand Dollar", "CurrencyCode": "NZD", "CountryCode": "NU" },
  { "CountryName": "Norfolk Island", "CurrencyName": "Australian Dollar", "CurrencyCode": "AUD", "CountryCode": "NF" },
  { "CountryName": "Northern Mariana Islands", "CurrencyName": "US Dollar", "CurrencyCode": "USD", "CountryCode": "MP" },
  { "CountryName": "Norway", "CurrencyName": "Norwegian Krone", "CurrencyCode": "NOK", "CountryCode": "NO" },
  { "CountryName": "Oman", "CurrencyName": "Rial Omani", "CurrencyCode": "OMR", "CountryCode": "OM" },
  { "CountryName": "Pakistan", "CurrencyName": "Pakistan Rupee", "CurrencyCode": "PKR", "CountryCode": "PK" },
  { "CountryName": "Palau", "CurrencyName": "US Dollar", "CurrencyCode": "USD", "CountryCode": "PW" },
  { "CountryName": "Palestine", "CurrencyName": "New Israeli Sheqel", "CurrencyCode": "ILS", "CountryCode": "PS" },
  { "CountryName": "Panama", "CurrencyName": "Balboa", "CurrencyCode": "PAB", "CountryCode": "PA" },
  { "CountryName": "Papua New Guinea", "CurrencyName": "Kina", "CurrencyCode": "PGK", "CountryCode": "PG" },
  { "CountryName": "Paraguay", "CurrencyName": "Guarani", "CurrencyCode": "PYG", "CountryCode": "PY" },
  { "CountryName": "Peru", "CurrencyName": "Sol", "CurrencyCode": "PEN", "CountryCode": "PE" },
  { "CountryName": "Philippines", "CurrencyName": "Philippine Peso", "CurrencyCode": "PHP", "CountryCode": "PH" },
  { "CountryName": "Pitcairn", "CurrencyName": "New Zealand Dollar", "CurrencyCode": "NZD", "CountryCode": "PN" },
  { "CountryName": "Poland", "CurrencyName": "Zloty", "CurrencyCode": "PLN", "CountryCode": "PL" },
  { "CountryName": "Portugal", "CurrencyName": "Euro", "CurrencyCode": "EUR", "CountryCode": "PT" },
  { "CountryName": "Puerto Rico", "CurrencyName": "US Dollar", "CurrencyCode": "USD", "CountryCode": "PR" },
  { "CountryName": "Qatar", "CurrencyName": "Qatari Rial", "CurrencyCode": "QAR", "CountryCode": "QA" },
  { "CountryName": "Réunion", "CurrencyName": "Euro", "CurrencyCode": "EUR", "CountryCode": "RE" },
  { "CountryName": "Romania", "CurrencyName": "Romanian Leu", "CurrencyCode": "RON", "CountryCode": "RO" },
  { "CountryName": "Russian Federation", "CurrencyName": "Russian Ruble", "CurrencyCode": "RUB", "CountryCode": "RU" },
  { "CountryName": "Rwanda", "CurrencyName": "Rwanda Franc", "CurrencyCode": "RWF", "CountryCode": "RW" },
  { "CountryName": "Saint Barthélemy", "CurrencyName": "Euro", "CurrencyCode": "EUR", "CountryCode": "BL" },
  { "CountryName": "Saint Helena", "CurrencyName": "Saint Helena Pound", "CurrencyCode": "SHP", "CountryCode": "SH" },
  { "CountryName": "Saint Kitts and Nevis", "CurrencyName": "East Caribbean Dollar", "CurrencyCode": "XCD", "CountryCode": "KN" },
  { "CountryName": "Saint Lucia", "CurrencyName": "East Caribbean Dollar", "CurrencyCode": "XCD", "CountryCode": "LC" },
  { "CountryName": "Saint Martin (French part)", "CurrencyName": "Euro", "CurrencyCode": "EUR", "CountryCode": "MF" },
  { "CountryName": "Saint Pierre and Miquelon", "CurrencyName": "Euro", "CurrencyCode": "EUR", "CountryCode": "PM" },
  { "CountryName": "Saint Vincent and the Grenadines", "CurrencyName": "East Caribbean Dollar", "CurrencyCode": "XCD", "CountryCode": "VC" },
  { "CountryName": "Samoa", "CurrencyName": "Tala", "CurrencyCode": "WST", "CountryCode": "WS" },
  { "CountryName": "San Marino", "CurrencyName": "Euro", "CurrencyCode": "EUR", "CountryCode": "SM" },
  { "CountryName": "Sao Tome and Principe", "CurrencyName": "Dobra", "CurrencyCode": "STN", "CountryCode": "ST" },
  { "CountryName": "Saudi Arabia", "CurrencyName": "Saudi Riyal", "CurrencyCode": "SAR", "CountryCode": "SA" },
  { "CountryName": "Senegal", "CurrencyName": "CFA Franc BCEAO", "CurrencyCode": "XOF", "CountryCode": "SN" },
  { "CountryName": "Serbia", "CurrencyName": "Serbian Dinar", "CurrencyCode": "RSD", "CountryCode": "RS" },
  { "CountryName": "Seychelles", "CurrencyName": "Seychelles Rupee", "CurrencyCode": "SCR", "CountryCode": "SC" },
  { "CountryName": "Sierra Leone", "CurrencyName": "Leone", "CurrencyCode": "SLE", "CountryCode": "SL" },
  { "CountryName": "Singapore", "CurrencyName": "Singapore Dollar", "CurrencyCode": "SGD", "CountryCode": "SG" },
  { "CountryName": "Sint Maarten (Dutch part)", "CurrencyName": "Caribbean Guilder", "CurrencyCode": "XCG", "CountryCode": "SX" },
  { "CountryName": "Slovakia", "CurrencyName": "Euro", "CurrencyCode": "EUR", "CountryCode": "SK" },
  { "CountryName": "Slovenia", "CurrencyName": "Euro", "CurrencyCode": "EUR", "CountryCode": "SI" },
  { "CountryName": "Solomon Islands", "CurrencyName": "Solomon Islands Dollar", "CurrencyCode": "SBD", "CountryCode": "SB" },
  { "CountryName": "Somalia", "CurrencyName": "Somali Shilling", "CurrencyCode": "SOS", "CountryCode": "SO" },
  { "CountryName": "South Africa", "CurrencyName": "Rand", "CurrencyCode": "ZAR", "CountryCode": "ZA" },
  { "CountryName": "South Georgia and the South Sandwich Islands", "CurrencyName": "Pound Sterling", "CurrencyCode": "GBP", "CountryCode": "GS" },
  { "CountryName": "South Sudan", "CurrencyName": "South Sudanese Pound", "CurrencyCode": "SSP", "CountryCode": "SS" },
  { "CountryName": "Spain", "CurrencyName": "Euro", "CurrencyCode": "EUR", "CountryCode": "ES" },
  { "CountryName": "Sri Lanka", "CurrencyName": "Sri Lanka Rupee", "CurrencyCode": "LKR", "CountryCode": "LK" },
  { "CountryName": "Sudan", "CurrencyName": "Sudanese Pound", "CurrencyCode": "SDG", "CountryCode": "SD" },
  { "CountryName": "Suriname", "CurrencyName": "Surinam Dollar", "CurrencyCode": "SRD", "CountryCode": "SR" },
  { "CountryName": "Svalbard and Jan Mayen", "CurrencyName": "Norwegian Krone", "CurrencyCode": "NOK", "CountryCode": "SJ" },
  { "CountryName": "Sweden", "CurrencyName": "Swedish Krona", "CurrencyCode": "SEK", "CountryCode": "SE" },
  { "CountryName": "Switzerland", "CurrencyName": "Swiss Franc", "CurrencyCode": "CHF", "CountryCode": "CH" },
  { "CountryName": "Syrian Arab Republic", "CurrencyName": "Syrian Pound", "CurrencyCode": "SYP", "CountryCode": "SY" },
  { "CountryName": "Taiwan (Province of China)", "CurrencyName": "New Taiwan Dollar", "CurrencyCode": "TWD", "CountryCode": "TW" },
  { "CountryName": "Tajikistan", "CurrencyName": "Somoni", "CurrencyCode": "TJS", "CountryCode": "TJ" },
  { "CountryName": "Tanzania, United Republic of", "CurrencyName": "Tanzanian Shilling", "CurrencyCode": "TZS", "CountryCode": "TZ" },
  { "CountryName": "Thailand", "CurrencyName": "Baht", "CurrencyCode": "THB", "CountryCode": "TH" },
  { "CountryName": "Timor-Leste", "CurrencyName": "US Dollar", "CurrencyCode": "USD", "CountryCode": "TL" },
  { "CountryName": "Togo", "CurrencyName": "CFA Franc BCEAO", "CurrencyCode": "XOF", "CountryCode": "TG" },
  { "CountryName": "Tokelau", "CurrencyName": "New Zealand Dollar", "CurrencyCode": "NZD", "CountryCode": "TK" },
  { "CountryName": "Tonga", "CurrencyName": "Pa'anga", "CurrencyCode": "TOP", "CountryCode": "TO" },
  { "CountryName": "Trinidad and Tobago", "CurrencyName": "Trinidad and Tobago Dollar", "CurrencyCode": "TTD", "CountryCode": "TT" },
  { "CountryName": "Tunisia", "CurrencyName": "Tunisian Dinar", "CurrencyCode": "TND", "CountryCode": "TN" },
  { "CountryName": "Turkey", "CurrencyName": "Turkish Lira", "CurrencyCode": "TRY", "CountryCode": "TR" },
  { "CountryName": "Turkmenistan", "CurrencyName": "Turkmenistan New Manat", "CurrencyCode": "TMT", "CountryCode": "TM" },
  { "CountryName": "Turks and Caicos Islands", "CurrencyName": "US Dollar", "CurrencyCode": "USD", "CountryCode": "TC" },
  { "CountryName": "Tuvalu", "CurrencyName": "Australian Dollar", "CurrencyCode": "AUD", "CountryCode": "TV" },
  { "CountryName": "Uganda", "CurrencyName": "Uganda Shilling", "CurrencyCode": "UGX", "CountryCode": "UG" },
  { "CountryName": "Ukraine", "CurrencyName": "Hryvnia", "CurrencyCode": "UAH", "CountryCode": "UA" },
  { "CountryName": "United Arab Emirates", "CurrencyName": "UAE Dirham", "CurrencyCode": "AED", "CountryCode": "AE" },
  { "CountryName": "United Kingdom of Great Britain and Northern Ireland", "CurrencyName": "Pound Sterling", "CurrencyCode": "GBP", "CountryCode": "GB" },
  { "CountryName": "United States Minor Outlying Islands", "CurrencyName": "US Dollar", "CurrencyCode": "USD", "CountryCode": "UM" },
  { "CountryName": "United States of America", "CurrencyName": "US Dollar", "CurrencyCode": "USD", "CountryCode": "US" },
  { "CountryName": "Uruguay", "CurrencyName": "Peso Uruguayo", "CurrencyCode": "UYU", "CountryCode": "UY" },
  { "CountryName": "Uzbekistan", "CurrencyName": "Uzbekistan Sum", "CurrencyCode": "UZS", "CountryCode": "UZ" },
  { "CountryName": "Vanuatu", "CurrencyName": "Vatu", "CurrencyCode": "VUV", "CountryCode": "VU" },
  { "CountryName": "Venezuela (Bolivarian Republic of)", "CurrencyName": "Bolívar Soberano", "CurrencyCode": "VES", "CountryCode": "VE" },
  { "CountryName": "Viet Nam", "CurrencyName": "Dong", "CurrencyCode": "VND", "CountryCode": "VN" },
  { "CountryName": "Virgin Islands (British)", "CurrencyName": "US Dollar", "CurrencyCode": "USD", "CountryCode": "VG" },
  { "CountryName": "Virgin Islands (U.S.)", "CurrencyName": "US Dollar", "CurrencyCode": "USD", "CountryCode": "VI" },
  { "CountryName": "Wallis and Futuna", "CurrencyName": "CFP Franc", "CurrencyCode": "XPF", "CountryCode": "WF" },
  { "CountryName": "Western Sahara", "CurrencyName": "Moroccan Dirham", "CurrencyCode": "MAD", "CountryCode": "EH" },
  { "CountryName": "Yemen", "CurrencyName": "Yemeni Rial", "CurrencyCode": "YER", "CountryCode": "YE" },
  { "CountryName": "Zambia", "CurrencyName": "Zambian Kwacha", "CurrencyCode": "ZMW", "CountryCode": "ZM" },
  { "CountryName": "Zimbabwe", "CurrencyName": "Zimbabwe Gold", "CurrencyCode": "ZWG", "CountryCode": "ZW" }
]